국가명,eng_code,발생률,인구수,확진자_합계,백신접종,접종률(인구),발생률_순위,접종률_순위,확진자비율_전체인구,1차접종,2차접종,위중증,치명(%),완치(%),확진자1일,사망자합계,사망자1일,완치합계,완치1일,접종비율(일간)
미국,U.S.,129632,331002651,42908619,385586020.0,60.2,13.0,46.0,0.12963225179728244,63.8,54.6,"24327
-523",1.6,75.8,41814.0,691992,430.0,32508846.0,25620.0,763444.0
인도,India,24277,1380004385,33483170,808389300.0,29.6,101.0,99.0,0.02426308956982046,43.7,14.5,8944,1.3,97.7,32085.0,445248,349.0,32715105.0,43938.0,9236028.0
브라질,Brazil,99924,212559417,21239783,222322660.0,53.9,27.0,62.0,0.09992398031464303,69.4,37.8,8318,2.8,95.5,9458.0,590786,239.0,20280294.0,,1721039.0
영국,U.K.,109444,67886011,7429746,93002090.0,69.6,21.0,25.0,0.10944443325739084,72.7,66.5,1020,1.8,80.5,29007.0,135203,56.0,5981684.0,22993.0,83947.0
러시아,Russia,49986,145934462,7294672,87810616.0,29.9,77.0,97.0,0.04998594506073555,31.9,27.6,2300,2.7,89.3,19744.0,198996,778.0,6510674.0,11992.0,354749.0
프랑스,France,106557,65273511,6955333,92262410.0,71.2,23.0,22.0,0.10655674703939244,76.7,72.7,"1832
-168",1.7,95.6,5814.0,116030,28.0,6649678.0,23192.0,242012.0
터키,Turkey,81187,84339067,6847259,105114640.0,63.2,45.0,41.0,0.0811872746944189,63.3,50.5,633,0.9,92.5,26398.0,61574,213.0,6337070.0,27160.0,472820.0
이란,Iran,64794,83992949,5442232,42003864.0,25.2,62.0,107.0,0.06479391502255744,34.1,16.6,"6707
-58",2.2,88.1,17397.0,117526,344.0,4792117.0,27119.0,1114116.0
아르헨티나,Argentina,115923,45195774,5239232,49017570.0,54.5,16.0,61.0,0.11592305068168542,64.5,44.3,"1496
-20",2.2,97.3,622.0,114428,61.0,5096283.0,2932.0,290888.0
콜롬비아,Colombia,97107,50882891,4941064,38331644.0,38.0,30.0,80.0,0.09710658932488722,49.3,31.7,542,2.5,96.7,1813.0,125895,35.0,4779552.0,1756.0,163255.0
스페인,Spain,105434,46754778,4929546,69094664.0,74.3,24.0,18.0,0.10543405852552652,80.4,77.0,1028,1.7,94.0,,85783,,4633527.0,,140084.0
이탈리아,Italy,76678,60461826,4636111,82377670.0,68.2,49.0,29.0,0.07667831600057862,73.3,67.9,"530
+11",2.8,94.7,3836.0,130310,26.0,4392265.0,3314.0,219232.0
인도네시아,Indonesia,15328,273523615,4192695,123454770.0,23.1,109.0,111.0,0.01532845710597968,29.4,16.8,,3.4,95.3,1932.0,140634,166.0,3996125.0,6799.0,1381673.0
독일,Germany,49569,83783942,4153067,105407390.0,63.4,79.0,40.0,0.049568770588521605,67.1,63.0,1217,2.3,93.9,6085.0,93592,34.0,3897800.0,15100.0,211307.0
멕시코,Mexico,27686,128932753,3569677,95271400.0,37.3,95.0,81.0,0.02768634747138301,48.5,32.5,4798,7.6,81.9,4983.0,271503,200.0,2924904.0,8633.0,507287.0
폴란드,Poland,76580,37846611,2898299,36947136.0,48.6,50.0,68.0,0.07658014610608067,51.7,50.7,"113
+2",2.6,91.8,364.0,75488,,2659912.0,429.0,30007.0
필리핀,Philippines,21770,109581078,2385616,40518844.0,18.9,105.0,121.0,0.021770327902778983,22.2,16.8,3170,1.5,91.0,18867.0,36934,146.0,2171832.0,20067.0,403560.0
우크라이나,Ukraine,53749,43733762,2350646,16558742.0,19.8,75.0,119.0,0.053749000600497164,27.4,12.3,177,2.3,94.9,2265.0,54919,44.0,2231417.0,565.0,149085.0
페루,Peru,65723,32971854,2167008,23158836.0,34.9,60.0,84.0,0.06572296480507284,42.0,27.9,"1043
+9",9.2,,589.0,199006,30.0,,,225799.0
말레이시아,Malaysia,64816,32365999,2097830,40375056.0,62.0,61.0,42.0,0.06481585814792863,67.3,56.2,"1191
+26",1.1,88.8,14954.0,23443,376.0,1863919.0,23469.0,269572.0
네덜란드,Netherlands,115918,17134872,1986241,23320388.0,67.7,17.0,30.0,0.11591805296240322,70.0,63.4,"208
+11",0.9,,1326.0,18123,9.0,,,40806.0
이라크,Iraq,49187,40222493,1978412,6672182.0,8.5,80.0,138.0,0.049186707546943945,10.7,6.3,"618
+2",1.1,94.4,3192.0,21869,47.0,1867818.0,4878.0,306900.0
체코,Czech Republic,157472,10708981,1686364,11712553.0,55.0,7.0,59.0,0.15747193874001644,56.7,55.3,"28
-1",1.8,97.9,182.0,30431,1.0,1650853.0,317.0,11672.0
일본,Japan,13283,126476461,1680028,149882540.0,59.4,112.0,50.0,0.01328332550354963,65.5,53.3,"1458
-42",1.0,94.5,2218.0,17250,23.0,1586847.0,10277.0,1108541.0
칠레,Chile,86196,19116201,1647746,30785686.0,80.6,38.0,9.0,0.08619631065816895,76.8,73.3,"434
-4",2.3,97.4,277.0,37367,8.0,1604353.0,419.0,83791.0
캐나다,Canada,41687,37742154,1573359,55060360.0,73.4,86.0,19.0,0.04168704838626858,75.4,69.6,638,1.7,95.3,2032.0,27395,11.0,1499483.0,997.0,94377.0
방글라데시,Bangladesh,9377,164689383,1544238,36832790.0,11.1,119.0,133.0,0.009376670018856042,13.3,8.8,1403,1.8,97.3,1555.0,27251,26.0,1503106.0,1565.0,363460.0
태국,Thailand,21335,69799978,1489186,44485656.0,31.9,106.0,92.5,0.02133504970445693,40.8,20.5,4387,1.0,90.1,12709.0,15469,106.0,1341144.0,11125.0,632170.0
이스라엘,Israel,142297,8655535,1231660,14732087.0,81.4,11.0,8.0,0.1422973854302478,67.0,61.6,"714
-12",0.6,93.2,9947.0,7541,30.0,1147578.0,17185.0,44039.0
파키스탄,Pakistan,5550,220892340,1226008,72986510.0,17.8,130.0,123.0,0.005550251312471949,26.6,11.7,"4840
-124",2.2,92.6,2167.0,27246,40.0,1135038.0,2312.0,862739.0
벨기에,Belgium,105251,11589623,1219814,16442235.0,71.8,25.0,21.0,0.10525053317092369,74.3,72.4,218,2.1,93.0,,25497,,1133872.0,,12861.0
루마니아,Romania,59885,19237691,1152052,9940596.0,25.6,67.0,105.0,0.059885149418399536,27.6,27.0,"952
+103",3.1,93.7,3342.0,35592,78.0,1079814.0,406.0,10084.0
스웨덴,Sweden,113373,10099265,1144982,13403076.0,64.9,18.0,35.0,0.11337280485263036,68.5,61.3,43,1.3,,,14734,,,,43360.0
포르투갈,Portugal,104156,10196709,1062048,15550992.0,75.7,26.0,15.0,0.10415595855486315,86.1,81.0,"86
-4",1.7,95.1,677.0,17907,5.0,1010168.0,651.0,35729.0
모로코,Morocco,24916,36910560,919681,37238090.0,52.3,99.0,63.0,0.024916473767940664,57.2,47.4,"776
+3",1.5,95.9,1555.0,13910,34.0,882155.0,2064.0,255455.0
세르비아,Serbia,99814,8737371,872110,6275408.0,45.1,28.0,73.0,0.09981377693587694,43.0,41.1,"181
-2",0.9,87.0,6424.0,7808,38.0,758509.0,3309.0,22765.0
카자흐스탄,Kazakhstan,45954,18776707,862862,13427908.0,36.0,84.0,82.0,0.04595385122641579,39.0,32.8,221,1.2,91.6,2438.0,10763,37.0,790394.0,2944.0,68441.0
스위스,Switzerland,95568,8654622,827107,10055192.0,58.8,33.0,52.0,0.09556824087753342,61.7,53.7,"260
+3",1.3,89.7,4033.0,11011,1.0,741782.0,5394.0,33985.0
헝가리,Hungary,84700,9660351,818231,11167215.0,57.1,41.0,54.0,0.08469992446444234,59.9,56.9,"45
+4",3.7,95.4,1072.0,30136,13.0,780465.0,688.0,5617.0
요르단,Jordan,79740,10203134,813601,6805103.0,33.8,48.0,87.5,0.07974030332248895,36.0,31.4,"509
+2",1.3,97.2,920.0,10616,10.0,790672.0,1038.0,19430.0
쿠바,Cuba,71505,11326616,809911,17766272.0,78.4,56.0,11.0,0.07150511679746184,69.7,39.3,"503
+42",0.8,94.2,8544.0,6856,60.0,762679.0,7781.0,224330.0
네팔,Nepal,26960,29136808,785541,11782181.0,20.7,97.0,115.0,0.026960434375652955,21.8,19.5,,1.4,95.8,975.0,11048,8.0,752170.0,2957.0,120269.0
아랍에미레이트,UAE,74113,9890402,733003,19445872.0,90.5,52.0,3.0,0.07411255882217932,84.5,74.5,,0.3,98.9,313.0,2077,2.0,724855.0,409.0,71904.0
오스트리아,Austria,80547,9006398,725434,10717808.0,60.5,46.0,45.0,0.08054651815298414,63.9,60.4,"219
+7",1.5,95.3,1399.0,10896,1.0,691691.0,1764.0,13629.0
튀니지,Tunisia,59262,11818619,700400,7017171.0,29.8,70.0,98.0,0.05926242313082434,39.1,26.6,"380
-5",3.5,95.6,472.0,24527,37.0,669928.0,573.0,61675.0
베트남,Vietnam,7148,97338579,695744,33555360.0,17.4,125.0,125.5,0.007147669579191206,28.2,6.6,,2.5,66.7,8681.0,17305,215.0,464326.0,6821.0,920967.0
그리스,Greece,60518,10423054,630784,11880179.0,55.4,66.0,58.0,0.060518155235500075,59.3,55.4,348,2.3,93.2,1286.0,14466,33.0,587957.0,,26140.0
레바논,Lebanon,90584,6825445,618278,2814277.0,20.5,36.0,116.0,0.09058427692260358,22.5,18.5,200,1.3,93.9,616.0,8236,4.0,580346.0,,2045.0
조지아,Georgia,149386,3989167,595926,1610309.0,21.6,9.0,114.0,0.14938607483717778,25.1,18.1,,1.4,94.6,662.0,8575,34.0,563530.0,3534.0,30838.0
사우디아라비아,Saudi Arabia,15701,34813871,546612,40888116.0,60.0,108.0,47.0,0.015700983093778913,67.7,52.1,"339
-4",1.6,98.0,63.0,8667,6.0,535602.0,71.0,183134.0
과테말라,Guatemala,29551,17915568,529422,6118069.0,17.4,93.0,125.5,0.029550946975278707,23.1,11.3,5,2.5,90.4,834.0,13040,41.0,478671.0,2970.0,84774.0
벨라루스,Belarus,54858,9449323,518369,3206505.0,16.9,74.0,127.0,0.05485779245772422,18.5,15.4,,0.8,97.3,1941.0,4016,12.0,504561.0,1295.0,17321.0
에콰도르,Ecuador,28737,17643054,507003,20456672.0,59.2,94.0,51.0,0.028736691504770092,63.6,56.5,759,6.4,87.5,1143.0,32661,102.0,443880.0,,26055.0
코스타리카,Costa Rica,99166,5094118,505163,4872085.0,48.0,29.0,70.0,0.09916594001159769,62.0,34.0,489,1.2,80.5,,5949,,406660.0,,41639.0
스리랑카,Sri Lanka,23560,21413249,504491,24803998.0,56.9,102.0,55.0,0.02355975966094636,62.9,50.3,,2.4,85.6,1733.0,12125,103.0,432038.0,1002.0,114450.0
볼리비아,Bolivia,42585,11673021,497100,6382661.0,27.6,85.0,103.0,0.04258537699880777,36.0,26.1,220,3.8,90.9,150.0,18659,5.0,451691.0,642.0,18201.0
불가리아,Bulgaria,69395,6948445,482186,2463666.0,17.7,58.0,124.0,0.06939480703956065,17.1,18.4,"391
-5",4.2,87.8,458.0,20028,43.0,423424.0,1069.0,7954.0
아제르바이잔,Azerbaijan,46623,10139177,472719,7806235.0,39.1,82.0,78.0,0.04662301486599948,45.8,32.4,,1.3,91.8,,6305,,434095.0,,53555.0
파나마,Panama,107604,4314767,464288,5053633.0,59.9,22.0,48.0,0.1076044198910393,68.6,51.2,108,1.5,97.5,250.0,7172,2.0,452809.0,,15406.0
파라과이,Paraguay,64444,7132538,459650,4401222.0,30.8,63.0,95.0,0.0644441011039829,35.7,25.9,"37
+1",3.5,96.1,28.0,16128,2.0,441728.0,181.0,21695.0
미얀마,Myanmar,8208,54409800,446573,8184418.0,7.7,121.0,139.0,0.008207583927895343,9.4,6.1,,3.8,89.2,1702.0,17073,57.0,398220.0,2365.0,83945.0
쿠웨이트,Kuwait,96282,4270571,411180,2380000.0,25.1,32.0,108.0,0.09628220675876832,56.2,19.4,"16
-1",0.6,99.2,56.0,2439,1.0,407908.0,84.0,12990.0
슬로바키아,Slovakia,73800,5459642,402922,4711472.0,43.2,53.0,74.0,0.0738000770013858,44.3,40.8,"60
+1",3.1,95.2,114.0,12573,4.0,383612.0,101.0,5370.0
크로아티아,Croatia,95548,4105267,392248,3364565.0,41.4,34.0,76.0,0.0955475003209292,43.8,41.0,"85
+4",2.2,95.9,264.0,8514,14.0,376216.0,1018.0,5377.0
우루과이,Uruguay,111588,3473730,387627,6017599.0,85.5,20.0,5.0,0.11158811997478216,77.2,72.7,11,1.6,98.0,72.0,6048,,379986.0,103.0,14148.0
아일랜드,Ireland,76019,4937786,375367,7119653.0,71.9,51.0,20.0,0.0760192928571631,75.8,72.8,"63
-3",1.4,86.7,1224.0,5179,,325349.0,2024.0,14259.0
온두라스,Honduras,36110,9904607,357654,4637151.0,23.7,90.0,110.0,0.03610986281434488,30.2,17.3,515,2.7,30.3,,9491,,108262.0,,18510.0
베네수엘라,Venezuela,12486,28435940,355061,11094206.0,19.9,113.0,118.0,0.012486346503755458,24.5,15.4,681,1.2,95.5,822.0,4301,10.0,339081.0,850.0,109462.0
덴마크,Denmark,61274,5792202,354913,8773849.0,75.6,65.0,16.0,0.061274278763068,76.5,74.6,"22
-1",0.7,97.7,268.0,2630,2.0,346831.0,467.0,6462.0
에티오피아,Ethiopia,2896,114963588,332961,2960109.0,1.5,147.0,162.5,0.0028962300654708168,2.5,0.6,"784
-16",1.5,90.3,958.0,5130,15.0,300684.0,2572.0,38966.0
리비아,Libya,48321,6871292,332026,1393696.0,10.6,81.0,134.0,0.048320752487305156,19.0,2.1,,1.4,74.7,1081.0,4517,16.0,248119.0,1310.0,22693.0
리투아니아,Lithuania,116334,2722289,316695,3317832.0,59.6,15.0,49.0,0.11633408502917948,61.9,57.4,"166
+4",1.5,92.4,746.0,4810,17.0,292673.0,171.0,7180.0
오만,Oman,59425,5106626,303459,4336872.0,51.7,68.0,64.0,0.059424559386177876,64.6,38.8,"19
-8",1.3,96.9,150.0,4093,1.0,293957.0,339.0,30052.0
이집트,Egypt,2902,102334404,296929,12194537.0,6.1,146.0,141.0,0.0029015559615708517,7.9,4.4,90,5.7,84.3,653.0,16970,19.0,250304.0,511.0,236069.0
대한민국,South Korea,5608,51269185,287536,58590416.0,56.7,129.0,56.0,0.005608359095234301,70.5,42.8,"332
-1",0.8,90.1,1605.0,2409,5.0,259011.0,1562.0,851169.0
슬로베니아,Slovenia,136498,2078938,283770,2054659.0,50.7,12.0,66.0,0.13649757712832225,52.5,46.8,"63
+3",1.6,93.8,290.0,4503,5.0,266041.0,230.0,13329.0
몰도바,Moldova,69832,4033963,281700,1360193.0,25.4,57.0,106.0,0.0698320733234291,22.7,28.1,"100
+6",2.3,94.9,484.0,6595,9.0,267372.0,648.0,4062.0
몽골,Mongolia,84799,3278290,277997,4429335.0,67.2,40.0,31.0,0.0847993923661421,68.2,66.3,192,0.4,96.2,2851.0,1119,11.0,267369.0,5211.0,69377.0
바레인,Bahrain,161182,1701575,274264,2535900.0,85.4,5.0,6.0,0.16118243392151388,78.2,74.4,2,0.5,99.2,85.0,1388,,272108.0,96.0,2395.0
아르메니아,Armenia,85697,2963243,253942,335721.0,5.7,39.0,143.0,0.08569732553152071,7.3,4.1,,2.0,93.2,342.0,5143,12.0,236578.0,490.0,5399.0
케냐,Kenya,4585,53771296,246530,3351109.0,3.5,135.0,152.0,0.004584788136778403,5.1,1.8,109,2.0,96.3,,4989,,237295.0,,40763.0
카타르,Qatar,81785,2881053,235626,4658268.0,83.3,44.0,7.0,0.0817846808094124,84.4,79.4,"19
+1",0.3,99.1,240.0,604,,233454.0,338.0,10124.0
잠비아,Zambia,11340,18383955,208469,648103.0,1.8,117.0,160.0,0.011339725320258889,1.8,1.6,43,1.7,97.9,47.0,3638,,204161.0,163.0,4262.0
나이지리아,Nigeria,979,206139589,201798,5858737.0,1.5,163.0,162.5,0.0009789385967971442,2.1,0.9,11,1.3,94.4,168.0,2655,1.0,190563.0,275.0,50553.0
알제리,Algeria,4597,43851044,201600,9989662.0,11.5,134.0,132.0,0.004597381991635136,13.4,9.6,"21
-3",2.8,68.4,175.0,5694,13.0,137932.0,157.0,284237.0
북마케도니아,North Macedonia,89717,2083374,186914,1435392.0,34.5,37.0,86.0,0.08971696872477049,36.9,32.1,,3.5,89.6,365.0,6460,23.0,167402.0,551.0,17806.0
노르웨이,Norway,33664,5421241,182501,7586733.0,70.8,91.0,23.0,0.03366406326521916,75.5,66.1,"20
+1",0.5,48.7,481.0,841,,88952.0,,36254.0
키르기스스탄,Kyrgyzstan,27249,6524195,177780,1331001.0,10.4,96.0,135.0,0.027249338807316458,12.0,8.8,131,1.5,96.9,58.0,2590,2.0,172261.0,72.0,10509.0
보츠와나,Botswana,73248,2351627,172252,587595.0,12.4,54.0,130.0,0.07324801084525735,16.0,9.3,1,1.4,97.1,,2343,,167318.0,,2317.0
우즈베키스탄,Uzbekistan,5048,33469203,168938,17435318.0,26.2,131.0,104.0,0.0050475656680560935,29.4,10.1,23,0.7,96.3,501.0,1192,4.0,162684.0,629.0,182147.0
알바니아,Albania,56624,2877797,162953,1632986.0,28.4,72.0,100.5,0.05662421637106439,31.8,25.1,3,1.6,90.6,780.0,2580,6.0,147584.0,757.0,7070.0
아프가니스탄,Afghanistan,3971,38928346,154585,1979652.0,2.7,139.0,156.0,0.003971013821136917,2.1,1.2,1124,4.7,79.3,46.0,7199,,122522.0,,389183.0
라트비아,Latvia,79922,1886198,150749,1580207.0,41.2,47.0,77.0,0.0799221502726649,46.3,41.8,"36
-2",1.8,94.2,189.0,2645,5.0,142044.0,111.0,4954.0
에스토니아,Estonia,113184,1326535,150142,1333138.0,50.3,19.0,67.0,0.11318359485426317,56.3,44.0,18,0.9,93.1,366.0,1328,2.0,139726.0,89.0,3522.0
모잠비크,Mozambique,4800,31255435,150018,3427486.0,5.5,132.0,144.0,0.0047997412290054515,6.0,5.0,32,1.3,97.1,37.0,1903,,145606.0,224.0,292987.0
핀란드,Finland,24592,5540720,136257,7374481.0,66.8,100.0,32.0,0.024591930290648146,74.4,59.3,20,0.8,33.8,,1051,,46000.0,,22215.0
짐바브웨,Zimbabwe,8608,14862924,127938,4964302.0,16.7,120.0,128.0,0.008607862086894881,19.7,13.6,12,3.6,94.5,199.0,4567,4.0,120946.0,683.0,70699.0
나미비아,Namibia,49943,2540905,126900,374178.0,7.6,78.0,140.0,0.049942835328357416,9.4,5.8,19,2.7,96.2,192.0,3471,5.0,122089.0,49.0,3536.0
몬테네그로,Montenegro,201705,628066,126684,433867.0,34.8,2.0,85.0,0.20170491636229312,36.9,32.6,11,1.5,92.1,425.0,1859,10.0,116709.0,350.0,2245.0
가나,Ghana,4031,31072940,125261,1271393.0,2.1,138.0,158.5,0.004031192413720749,2.9,1.3,42,0.9,95.7,256.0,1121,3.0,119859.0,258.0,761.0
우간다,Uganda,2673,45741007,122277,1697748.0,2.1,148.0,158.5,0.002673246787067893,2.6,0.9,381,2.6,78.4,65.0,3129,1.0,95897.0,8.0,14829.0
키프로스,Cyprus,96487,1207359,116494,1129665.0,64.5,31.0,36.0,0.09648662908049718,67.2,61.7,45,0.5,77.9,,534,,90755.0,,1819.0
코소보,Kosovo,59381,1810463,107507,1147803.0,31.9,69.0,92.5,0.059380942885880576,40.1,23.6,,2.1,98.0,,2269,,105323.0,,18867.0
캄보디아,Cambodia,6263,16718965,104716,21612644.0,65.5,128.0,34.0,0.006263306370938632,70.4,61.3,,2.0,93.3,622.0,2123,14.0,97700.0,473.0,266799.0
엘살바도르,El Salvador,15729,6486205,102024,7065918.0,54.7,107.0,60.0,0.015729382589665296,60.0,49.4,"127
-31",3.1,83.3,2323.0,3114,12.0,84981.0,,25563.0
중국,Mainland China,67,1439323776,95738,2174043000.0,77.6,176.0,12.0,6.651595811615356e-05,78.5,72.3,,4.8,94.2,49.0,4636,,90160.0,34.0,4494714.0
르완다,Rwanda,7354,12952218,95257,2882134.0,11.6,124.0,131.0,0.007354493261308603,14.7,8.5,"19
-4",1.3,47.7,140.0,1210,4.0,45430.0,1.0,36831.0
호주,Australia,3417,25499884,87134,24619474.0,48.2,140.0,69.0,0.0034170351520030444,58.5,37.0,292,1.3,72.7,1486.0,1167,5.0,63378.0,,278586.0
카메룬,Cameroon,3218,26545863,85414,444521.0,0.9,142.0,170.0,0.0032176011757462926,1.4,0.3,152,1.6,94.2,,1368,,80433.0,,1264.0
몰디브,Maldives,154615,540544,83576,720666.0,96.9,8.0,2.0,0.15461461046649302,105.0,88.7,23,0.3,97.7,82.0,229,,81671.0,127.0,3817.0
자메이카,Jamaica,26906,2961167,79673,702693.0,12.9,98.0,129.0,0.026905946202966602,18.6,7.9,"55
-2",2.2,63.7,546.0,1791,14.0,50787.0,146.0,12800.0
싱가포르,Singapore,13299,5850342,77804,9104751.0,79.8,111.0,10.0,0.013299051576813799,81.7,79.7,"21
+3",0.1,90.7,1012.0,60,,70600.0,476.0,10278.0
룩셈부르크,Luxembourg,123309,625978,77189,779620.0,63.5,14.0,39.0,0.12330944537986958,67.9,6.2,9,1.1,97.4,,834,,75209.0,,2717.0
세네갈,Senegal,4399,16743927,73654,1768064.0,5.4,136.0,145.0,0.00439884860940925,7.4,3.5,"7
-1",2.5,94.9,9.0,1845,,69884.0,393.0,3994.0
말라위,Malawi,3208,19129952,61363,1001022.0,2.5,143.0,157.0,0.0032076923141260366,3.7,2.3,67,3.7,84.7,26.0,2261,5.0,52005.0,165.0,4482.0
코트디부아르,Ivory Coast,2237,26378274,59020,1698973.0,3.2,152.0,154.0,0.00223744737809608,4.5,1.0,,1.0,96.0,131.0,566,5.0,56688.0,97.0,49953.0
콩고민주공화국,DR Congo,630,89561403,56387,120062.0,0.1,170.0,178.0,0.0006295904051436085,0.1,0.05,,1.9,54.7,,1068,,30858.0,,1274.0
앙골라,Angola,1592,32866272,52307,2469333.0,4.1,158.0,149.0,0.0015915099832436122,5.0,3.2,8,2.7,88.0,,1388,,46025.0,,31917.0
피지,Fiji,55730,896445,49959,912149.0,51.0,73.0,65.0,0.05573013402941619,63.7,38.2,39,1.1,72.1,79.0,566,,36011.0,82.0,6571.0
에스와티니,Eswatini,39115,1160164,45380,210277.0,9.4,87.0,137.0,0.03911515958088684,16.2,15.5,10,2.6,95.3,28.0,1195,1.0,43236.0,151.0,868.0
마다가스카르,Madagascar,1549,27691018,42898,283091.0,0.5,159.0,173.5,0.001549166592575253,0.8,0.3,3,2.2,96.3,,958,,41322.0,,1230.0
수단,Sudan,868,43849260,38053,1423327.0,1.6,164.0,161.0,0.0008678139608285294,1.5,1.2,,7.6,83.9,53.0,2879,4.0,31940.0,24.0,50607.0
카보베르데,Cape Verde,66743,555987,37108,368789.0,33.5,59.0,90.0,0.06674256772190716,49.5,17.3,23,0.9,96.7,56.0,330,1.0,35866.0,53.0,4982.0
수리남,Suriname,62639,586632,36746,376605.0,31.5,64.0,94.0,0.0626389286639665,36.3,26.8,22,2.2,72.1,,803,,26488.0,,1739.0
모리타니,Mauritania,7627,4649658,35462,826529.0,10.2,123.0,136.0,0.007626797497794461,7.7,0.5,22,2.2,95.0,82.0,766,1.0,33683.0,95.0,18650.0
기니,Guinea,2295,13132795,30136,1387699.0,5.1,151.0,146.0,0.00229471334929084,7.0,3.2,24,1.2,93.8,,370,,28277.0,,9621.0
가이아나,Guyana,37573,786552,29553,518295.0,33.0,88.0,91.0,0.03757284960180637,43.5,22.5,32,2.5,84.6,208.0,725,12.0,25000.0,22.0,2851.0
가봉,Gabon,12420,2225734,27643,146464.0,3.5,114.0,152.0,0.012419723111566791,4.0,3.0,22,0.6,94.6,,175,,26149.0,,1424.0
토고,Togo,2971,8278724,24599,651941.0,4.0,145.0,150.0,0.002971351623752646,5.1,2.9,,0.9,83.0,80.0,213,,20426.0,261.0,6848.0
베냉,Benin,1769,12123200,21450,175926.0,0.7,156.0,172.0,0.0017693348290880296,1.3,0.2,5,0.7,80.6,,146,,17294.0,,617.0
세이셸,Seychelles,212950,98347,20943,143490.0,74.7,1.0,17.0,0.21295006456729743,77.4,72.6,,0.5,96.7,,114,,20245.0,,158.0
바하마,Bahamas,50935,393244,20030,173130.0,22.7,76.0,112.0,0.05093529716918758,27.8,17.3,15,2.5,88.5,,504,,17727.0,,1645.0
라오스,Laos,2637,7275560,19185,4402770.0,30.7,149.0,96.0,0.0026369104233900896,37.0,26.0,,0.1,29.0,,16,,5568.0,,9906.0
동티모르,Timor-Leste,14455,1318445,19058,643324.0,24.9,110.0,109.0,0.014454907106477706,31.6,18.1,,0.6,91.2,25.0,105,1.0,17381.0,127.0,8284.0
소말리아,Somalia,1196,15893222,19004,351305.0,1.2,160.0,166.5,0.00119572985263781,1.5,0.8,,5.6,48.4,,1063,,9191.0,,3949.0
파푸아뉴기니,Papua New Guinea,2072,8947024,18542,154710.0,0.9,153.0,170.0,0.0020724209524865477,1.3,0.5,7,1.1,96.5,,204,,17892.0,,1448.0
벨리즈,Belize,46606,397628,18532,275719.0,33.8,83.0,87.5,0.04660637580854467,44.2,23.4,10,2.1,89.1,,389,,16518.0,,6991.0
타지키스탄,Tajikistan,1791,9537645,17084,3446777.0,18.5,155.0,122.0,0.001791217853044436,23.3,13.8,,0.7,99.3,,124,,16960.0,,54448.0
대만,Taiwan,678,23816775,16147,13171843.0,27.9,168.0,102.0,0.0006779675249902642,49.1,6.7,,5.2,85.1,6.0,840,,13742.0,,144395.0
아루바,Aruba,142826,106766,15249,154447.0,68.9,10.0,27.0,0.14282636794485135,72.0,65.9,7,1.0,97.2,28.0,158,,14822.0,32.0,597.0
안도라,Andorra,195742,77265,15124,93430.0,60.7,3.0,44.0,0.19574192713388985,67.0,54.3,4,0.9,98.8,,130,,14941.0,,98.0
말리,Mali,744,20250833,15068,370529.0,1.0,167.0,168.0,0.0007440681575913446,1.5,0.5,,3.6,94.4,8.0,545,,14218.0,3.0,3768.0
모리셔스,Mauritius,11328,1271768,14406,1625865.0,64.2,118.0,37.0,0.011327537727006813,66.5,61.8,,0.4,12.9,163.0,54,4.0,1854.0,,5742.0
레소토,Lesotho,6720,2142249,14395,201795.0,4.9,126.0,147.0,0.0067195736816775264,2.0,-999.0,,2.8,47.4,,403,,6830.0,,24504.0
부르키나파소,Burkina Faso,672,20903273,14041,166160.0,0.4,169.0,175.0,0.0006717129896356422,0.8,0.5,,1.2,97.6,,172,,13697.0,,4780.0
콩고공화국,Republic of the Congo,2483,5518087,13701,319231.0,3.5,150.0,152.0,0.002482925695082372,4.5,2.5,,1.3,90.7,,183,,12421.0,,1609.0
니카라과,Nicaragua,1966,6624554,13025,769105.0,5.9,154.0,142.0,0.0019661700999040843,7.5,4.3,,1.6,32.4,,202,,4225.0,,6771.0
홍콩,Hong Kong,1623,7496981,12165,8380084.0,55.7,157.0,57.0,0.001622653171990165,58.6,52.9,,1.8,97.6,5.0,213,,11872.0,3.0,32605.0
지부티,Djibouti,12186,988000,12040,66010.0,3.1,115.0,155.0,0.012186234817813765,3.7,2.4,,1.3,97.4,80.0,159,2.0,11725.0,37.0,215.0
남수단,South Sudan,1055,11193725,11814,67109.0,0.3,162.0,176.5,0.0010554127424070182,0.4,0.1,,1.0,94.8,9.0,121,,11195.0,,1035.0
아이슬란드,Iceland,33419,341243,11404,547788.0,76.7,92.0,13.0,0.03341900053627474,78.8,76.8,6,0.3,96.6,,33,,11017.0,,2048.0
세인트루시아,St. Lucia,57290,183627,10520,72370.0,20.1,71.0,117.0,0.05729004993818992,24.0,16.2,12,1.4,75.8,,150,,7973.0,,478.0
감비아,Gambia,4092,2416668,9888,201835.0,4.3,137.0,148.0,0.004091583949470925,8.4,7.1,3,3.4,96.4,21.0,332,2.0,9533.0,29.0,4278.0
예멘,Yemen,292,29825964,8718,322934.0,0.5,173.0,173.5,0.00029229566561536787,1.0,0.05,23,18.9,62.0,51.0,1649,6.0,5401.0,24.0,244.0
맨섬,Isle of Man,84273,85033,7166,128915.0,75.8,42.0,14.0,0.08427316453612127,77.0,74.7,1,0.5,94.8,25.0,38,,6790.0,,32.0
바베이도스,Barbados,22712,287375,6527,221000.0,38.5,103.0,79.0,0.022712483688560242,43.2,33.8,,0.9,86.3,169.0,58,1.0,5632.0,266.0,1245.0
시에라리온,Sierra Leone,801,7976983,6392,221110.0,1.4,166.0,164.0,0.0008013054559599789,2.3,0.5,,1.9,68.5,,121,,4376.0,2.0,2296.0
기니비사우,Guinea-Bissau,3089,1968001,6080,31090.0,0.9,144.0,170.0,0.0030894293244769695,1.6,0.2,4,2.1,86.1,2.0,130,,5237.0,10.0,44.0
니제르,Niger,246,24206644,5957,621853.0,1.3,174.0,165.0,0.00024608946205017103,1.7,0.4,,3.4,95.5,,201,,5689.0,,9294.0
라이베리아,Liberia,1142,5057681,5777,113680.0,1.2,161.0,166.5,0.0011422230860348844,2.5,0.6,2,4.9,94.5,,283,,5458.0,,1365.0
지브롤터,Gibraltar,162625,33691,5479,79269.0,116.6,4.0,1.0,0.16262503339170697,117.2,116.0,2,1.8,96.9,2.0,97,,5309.0,6.0,44.0
산마리노,San Marino,159706,33931,5419,46917.0,69.0,6.0,26.0,0.1597064631163243,71.6,71.6,"2
+1",1.7,97.2,31.0,90,,5269.0,29.0,86.0
브루나이,Brunei,12026,437479,5261,385602.0,41.9,116.0,75.0,0.012025720091707258,51.5,32.3,"22
-2",0.5,68.0,214.0,28,2.0,3575.0,118.0,3015.0
차드,Chad,306,16425864,5029,104707.0,0.3,172.0,176.5,0.0003061634992229328,0.5,0.1,,3.5,96.2,3.0,174,,4837.0,,2880.0
버뮤다,Bermuda,71887,62278,4477,86194.0,68.4,55.0,28.0,0.07188734384533864,69.1,67.7,1,0.9,67.2,259.0,42,4.0,3008.0,66.0,47.0
코모로,Comoros,4722,869601,4106,334369.0,19.1,133.0,120.0,0.004721705701810371,20.0,18.3,,3.6,96.0,,147,,3943.0,,4068.0
신트마르턴,Sint Maarten,95415,42876,4091,48882.0,58.2,35.0,53.0,0.09541468420561619,60.8,55.6,10,1.4,94.3,,59,,3857.0,,53.0
뉴질랜드,New Zealand,846,4822233,4082,4569255.0,46.4,165.0,72.0,0.0008464958039149083,61.2,31.6,5,0.7,89.3,22.0,27,,3645.0,6.0,52341.0
그레나다,Grenada,36233,112523,4077,48140.0,22.1,89.0,113.0,0.036232592447766235,26.2,18.0,,1.3,33.0,236.0,55,5.0,1347.0,,383.0
모나코,Monaco,83839,39242,3290,49980.0,64.1,43.0,38.0,0.08383874420264002,68.4,59.8,6,1.0,98.0,,33,,3225.0,7.0,120.0
부탄,Bhutan,3366,771608,2597,1046117.0,70.2,141.0,24.0,0.0033656986449077772,76.1,64.3,,0.1,99.8,,3,,2593.0,,256.0
그린란드,Greenland,8173,56770,464,102357.0,89.8,122.0,4.0,0.008173330984675004,124.5,62.9,2,-,78.0,,0,,362.0,,300.0
앵귈라,Anguilla,22062,15003,331,18565.0,61.9,104.0,43.0,0.0220622542158235,63.3,60.4,,-,95.8,,0,,317.0,,18.0
마카오,Macau,97,649335,63,633071.0,46.5,175.0,71.0,9.702233823835155e-05,49.8,43.6,,-,100.0,,0,,63.0,,2787.0
몬트세랫,Montserrat,6611,4992,33,2840.0,28.4,127.0,100.5,0.006610576923076923,29.3,27.5,,3.0,90.9,,1,,30.0,,-999.0
사모아,Samoa,15,198414,3,142566.0,35.5,177.0,83.0,1.5119900813450663e-05,48.3,22.7,,-,100.0,,0,,3.0,,658.0
세인트헬레나,St. Helena,329,6077,2,7892.0,65.8,171.0,33.0,0.0003291097581043278,72.7,58.9,,-,100.0,,0,,2.0,,8.0
미크로네시아,Micronesia,9,115023,1,69970.0,33.6,178.0,89.0,8.693913391234797e-06,40.8,-999.0,,-,100.0,,0,,1.0,,242.0
