날짜,뉴스 개수
2020-01-20,273
2020-01-21,432
2020-01-22,563
2020-01-23,627
2020-01-24,473
2020-01-25,374
2020-01-26,577
2020-01-27,1109
2020-01-28,3190
2020-01-29,2917
2020-01-30,3175
2020-01-31,3076
2020-02-01,1218
2020-02-02,2228
2020-02-03,3945
2020-02-04,4143
2020-02-05,4220
2020-02-06,3827
2020-02-07,3083
2020-02-08,1034
2020-02-09,1887
2020-02-10,3252
2020-02-11,3022
2020-02-12,3145
2020-02-13,3050
2020-02-14,2164
2020-02-15,889
2020-02-16,1741
2020-02-17,3018
2020-02-18,3223
2020-02-19,3762
2020-02-20,4354
2020-02-21,4613
2020-02-22,2365
2020-02-23,3777
2020-02-24,6873
2020-02-25,7502
2020-02-26,7766
2020-02-27,7697
2020-02-28,6561
2020-02-29,2383
2020-03-01,3997
2020-03-02,7814
2020-03-03,7488
2020-03-04,7700
2020-03-05,7341
2020-03-06,5608
2020-03-07,2071
2020-03-08,3470
2020-03-09,7138
2020-03-10,7604
2020-03-11,7469
2020-03-12,7516
2020-03-13,5658
2020-03-14,1879
2020-03-15,3681
2020-03-16,7523
2020-03-17,7414
2020-03-18,7783
2020-03-19,7696
2020-03-20,5480
2020-03-21,1913
2020-03-22,3583
2020-03-23,7508
2020-03-24,7410
2020-03-25,7256
2020-03-26,7233
2020-03-27,5404
2020-03-28,1820
2020-03-29,3897
2020-03-30,7398
2020-03-31,7313
2020-04-01,7481
2020-04-02,7219
2020-04-03,5152
2020-04-04,1807
2020-04-05,3379
2020-04-06,6964
2020-04-07,6666
2020-04-08,7090
2020-04-09,6749
2020-04-10,4896
2020-04-11,1572
2020-04-12,3209
2020-04-13,6391
2020-04-14,5846
2020-04-15,4140
2020-04-16,5566
2020-04-17,4152
2020-04-18,1451
2020-04-19,3024
2020-04-20,6125
2020-04-21,5943
2020-04-22,5815
2020-04-23,5976
2020-04-24,4256
2020-04-25,1277
2020-04-26,2754
2020-04-27,5724
2020-04-28,6110
2020-04-29,5114
2020-04-30,2891
2020-05-01,2735
2020-05-02,994
2020-05-03,1989
2020-05-04,4054
2020-05-05,3375
2020-05-06,5788
2020-05-07,5745
2020-05-08,4208
2020-05-09,1506
2020-05-10,3296
2020-05-11,6084
2020-05-12,5762
2020-05-13,5993
2020-05-14,5854
2020-05-15,4447
2020-05-16,1284
2020-05-17,2584
2020-05-18,5296
2020-05-19,5339
2020-05-20,5726
2020-05-21,5063
2020-05-22,3746
2020-05-23,1282
2020-05-24,2501
2020-05-25,4860
2020-05-26,5076
2020-05-27,5092
2020-05-28,5527
2020-05-29,3769
2020-05-30,1127
2020-05-31,2389
2020-06-01,5000
2020-06-02,4511
2020-06-03,4917
2020-06-04,4649
2020-06-05,3183
2020-06-06,1013
2020-06-07,2323
2020-06-08,4620
2020-06-09,4773
2020-06-10,4814
2020-06-11,4645
2020-06-12,3322
2020-06-13,1039
2020-06-14,2248
2020-06-15,4649
2020-06-16,4662
2020-06-17,4511
2020-06-18,4231
2020-06-19,3166
2020-06-20,989
2020-06-21,2244
2020-06-22,4232
2020-06-23,4656
2020-06-24,4559
2020-06-25,4265
2020-06-26,3251
2020-06-27,956
2020-06-28,2077
2020-06-29,4389
2020-06-30,4517
2020-07-01,4876
2020-07-02,4609
2020-07-03,3129
2020-07-04,1030
2020-07-05,2228
2020-07-06,4265
2020-07-07,4411
2020-07-08,4328
2020-07-09,3979
2020-07-10,2603
2020-07-11,892
2020-07-12,1999
2020-07-13,3788
2020-07-14,4083
2020-07-15,3926
2020-07-16,4047
2020-07-17,2984
2020-07-18,819
2020-07-19,1868
2020-07-20,3997
2020-07-21,3880
2020-07-22,4017
2020-07-23,4190
2020-07-24,2923
2020-07-25,888
2020-07-26,2062
2020-07-27,3974
2020-07-28,3803
2020-07-29,3875
2020-07-30,4096
2020-07-31,2829
2020-08-01,847
2020-08-02,1568
2020-08-03,3340
2020-08-04,3269
2020-08-05,3288
2020-08-06,3265
2020-08-07,2472
2020-08-08,595
2020-08-09,1519
2020-08-10,3354
2020-08-11,3591
2020-08-12,3748
2020-08-13,3924
2020-08-14,3200
2020-08-15,1349
2020-08-16,1680
2020-08-17,3182
2020-08-18,5469
2020-08-19,5746
2020-08-20,5775
2020-08-21,4888
2020-08-22,1844
2020-08-23,3023
2020-08-24,6111
2020-08-25,6047
2020-08-26,5615
2020-08-27,5824
2020-08-28,4232
2020-08-29,1444
2020-08-30,2775
2020-08-31,5525
2020-09-01,6042
2020-09-02,5373
2020-09-03,5092
2020-09-04,3891
2020-09-05,1030
2020-09-06,2263
2020-09-07,5112
2020-09-08,5213
2020-09-09,5137
2020-09-10,5235
2020-09-11,3799
2020-09-12,1002
2020-09-13,2185
2020-09-14,4853
2020-09-15,4714
2020-09-16,4750
2020-09-17,4951
2020-09-18,3501
2020-09-19,958
2020-09-20,2112
2020-09-21,4668
2020-09-22,5126
2020-09-23,5168
2020-09-24,5154
2020-09-25,3572
2020-09-26,917
2020-09-27,2077
2020-09-28,4781
2020-09-29,3464
2020-09-30,1752
2020-10-01,1010
2020-10-02,1147
2020-10-03,1174
2020-10-04,2368
2020-10-05,4623
2020-10-06,4425
2020-10-07,4501
2020-10-08,3645
2020-10-09,1687
2020-10-10,814
2020-10-11,1947
2020-10-12,4217
2020-10-13,4033
2020-10-14,4004
2020-10-15,3834
2020-10-16,2742
2020-10-17,736
2020-10-18,1926
2020-10-19,3957
2020-10-20,3744
2020-10-21,3820
2020-10-22,3697
2020-10-23,2670
2020-10-24,810
2020-10-25,1792
2020-10-26,3840
2020-10-27,3998
2020-10-28,4118
2020-10-29,3948
2020-10-30,2656
2020-10-31,795
2020-11-01,1816
2020-11-02,3671
2020-11-03,3482
2020-11-04,3580
2020-11-05,3531
2020-11-06,2460
2020-11-07,677
2020-11-08,1763
2020-11-09,3684
2020-11-10,3985
2020-11-11,4012
2020-11-12,3980
2020-11-13,2935
2020-11-14,1007
2020-11-15,2013
2020-11-16,4418
2020-11-17,4171
2020-11-18,4067
2020-11-19,4186
2020-11-20,3220
2020-11-21,1096
2020-11-22,2153
2020-11-23,4579
2020-11-24,4718
2020-11-25,4776
2020-11-26,4844
2020-11-27,3668
2020-11-28,1145
2020-11-29,2321
2020-11-30,4507
2020-12-01,4864
2020-12-02,4621
2020-12-03,4756
2020-12-04,3405
2020-12-05,1076
2020-12-06,2244
2020-12-07,4564
2020-12-08,4719
2020-12-09,4701
2020-12-10,4509
2020-12-11,3429
2020-12-12,1360
2020-12-13,2588
2020-12-14,5255
2020-12-15,5078
2020-12-16,4932
2020-12-17,5286
2020-12-18,3762
2020-12-19,1325
2020-12-20,2757
2020-12-21,5427
2020-12-22,5454
2020-12-23,5176
2020-12-24,4247
2020-12-25,2297
2020-12-26,1275
2020-12-27,2733
2020-12-28,5159
2020-12-29,5420
2020-12-30,5184
2020-12-31,4345
2021-01-01,2484
2021-01-02,1208
2021-01-03,2351
2021-01-04,5410
2021-01-05,4757
2021-01-06,4605
2021-01-07,4214
2021-01-08,3034
2021-01-09,1093
2021-01-10,2255
2021-01-11,4710
2021-01-12,4597
2021-01-13,4530
2021-01-14,4461
2021-01-15,3202
2021-01-16,984
2021-01-17,1949
2021-01-18,4436
2021-01-19,4190
2021-01-20,4525
2021-01-21,4348
2021-01-22,2983
2021-01-23,1069
2021-01-24,2126
2021-01-25,4302
2021-01-26,4649
2021-01-27,4730
2021-01-28,5037
2021-01-29,3156
2021-01-30,855
2021-01-31,2171
2021-02-01,4410
2021-02-02,4276
2021-02-03,4687
2021-02-04,4503
2021-02-05,3023
2021-02-06,937
2021-02-07,1976
2021-02-08,4430
2021-02-09,4636
2021-02-10,3453
2021-02-11,1586
2021-02-12,1010
2021-02-13,939
2021-02-14,1935
2021-02-15,3956
2021-02-16,4059
2021-02-17,3809
2021-02-18,3840
2021-02-19,2686
2021-02-20,959
2021-02-21,1721
2021-02-22,3798
2021-02-23,3835
2021-02-24,3931
2021-02-25,4091
2021-02-26,3423
2021-02-27,747
2021-02-28,868
2021-03-01,1811
2021-03-02,3938
2021-03-03,3778
2021-03-04,3554
2021-03-05,2489
2021-03-06,692
2021-03-07,1762
2021-03-08,3591
2021-03-09,3475
2021-03-10,3351
2021-03-11,3204
2021-03-12,2250
2021-03-13,726
2021-03-14,1486
2021-03-15,3173
2021-03-16,3162
2021-03-17,3362
2021-03-18,3383
2021-03-19,2254
2021-03-20,677
2021-03-21,1571
2021-03-22,3328
2021-03-23,3176
2021-03-24,3430
2021-03-25,3506
2021-03-26,2386
2021-03-27,715
2021-03-28,1507
2021-03-29,3214
2021-03-30,3279
2021-03-31,3517
2021-04-01,3473
2021-04-02,2376
2021-04-03,835
2021-04-04,1611
2021-04-05,3188
2021-04-06,3606
2021-04-07,3485
2021-04-08,3320
2021-04-09,2256
2021-04-10,735
2021-04-11,1566
2021-04-12,3599
2021-04-13,3347
2021-04-14,3411
2021-04-15,3493
2021-04-16,2606
2021-04-17,678
2021-04-18,1646
2021-04-19,3448
2021-04-20,3469
2021-04-21,3474
2021-04-22,3384
2021-04-23,2479
2021-04-24,801
2021-04-25,1593
2021-04-26,3518
2021-04-27,3459
2021-04-28,3655
2021-04-29,3562
2021-04-30,2794
2021-05-01,833
2021-05-02,1526
2021-05-03,3649
2021-05-04,2993
2021-05-05,2120
2021-05-06,3383
2021-05-07,2377
2021-05-08,755
2021-05-09,1639
2021-05-10,3454
2021-05-11,3219
2021-05-12,3229
2021-05-13,3119
2021-05-14,2341
2021-05-15,699
2021-05-16,1448
2021-05-17,3070
2021-05-18,2543
2021-05-19,1848
2021-05-20,2787
2021-05-21,2269
2021-05-22,868
2021-05-23,1540
2021-05-24,2954
2021-05-25,3138
2021-05-26,3104
2021-05-27,3164
2021-05-28,2132
2021-05-29,660
2021-05-30,1418
2021-05-31,2945
2021-06-01,3181
2021-06-02,2871
2021-06-03,2890
2021-06-04,2105
2021-06-05,611
2021-06-06,1376
2021-06-07,2832
2021-06-08,2668
2021-06-09,2828
2021-06-10,2599
2021-06-11,2018
2021-06-12,649
2021-06-13,1442
2021-06-14,2813
2021-06-15,2800
2021-06-16,2881
2021-06-17,2734
2021-06-18,1920
2021-06-19,568
2021-06-20,1323
2021-06-21,2681
2021-06-22,2800
2021-06-23,2868
2021-06-24,2693
2021-06-25,1993
2021-06-26,694
2021-06-27,1259
2021-06-28,2787
2021-06-29,2737
2021-06-30,2965
2021-07-01,3113
2021-07-02,2050
2021-07-03,575
2021-07-04,1331
2021-07-05,2834
2021-07-06,2863
2021-07-07,3374
2021-07-08,3374
2021-07-09,2750
2021-07-10,874
2021-07-11,1624
2021-07-12,3613
2021-07-13,3588
2021-07-14,3802
2021-07-15,3681
2021-07-16,2742
2021-07-17,940
2021-07-18,1803
2021-07-19,3688
2021-07-20,3842
2021-07-21,3655
2021-07-22,3425
2021-07-23,2712
2021-07-24,921
2021-07-25,1642
2021-07-26,3077
2021-07-27,3077
2021-07-28,3010
2021-07-29,3110
2021-07-30,2425
2021-07-31,678
2021-08-01,1468
2021-08-02,2945
2021-08-03,2848
2021-08-04,2902
2021-08-05,3035
2021-08-06,2261
2021-08-07,711
2021-08-08,1420
2021-08-09,3209
2021-08-10,3341
2021-08-11,3343
2021-08-12,3307
2021-08-13,2641
2021-08-14,754
2021-08-15,1018
2021-08-16,1863
2021-08-17,3040
2021-08-18,2878
2021-08-19,2767
2021-08-20,2247
2021-08-21,682
2021-08-22,1524
2021-08-23,2899
2021-08-24,2916
2021-08-25,2811
2021-08-26,3318
2021-08-27,2120
2021-08-28,634
2021-08-29,1399
2021-08-30,2862
2021-08-31,2940
